STRUCTURE,STRUCTURE_ID,STRUCTURE_NAME,ACTION,REF_AREA,Reference area,FREQ,Frequency of observation,MEASURE,Measure,UNIT_MEASURE,Unit of measure,ACTIVITY,Economic activity,TIME_PERIOD,Time period,OBS_VALUE,Observation value,OBS_STATUS,Observation status,OBS_STATUS_2,Observation status 2,UNIT_MULT,Unit multiplier,PRICE_BASE,Price base,BASE_PER,Base period,TIMELINESS,Timeliness,DECIMALS,Decimals
DATAFLOW,OECD.ENV.EPI:DSD_GG@DF_GREEN_GROWTH(1.1),Green Growth,I,IDN,Indonesia,A,Annual,GDP_RCAP,Real GDP per capita,USD_PPP_PS,"US dollars per person, PPP converted",_T,Total - all activities,2022,,12451.47,,A,Normal value,,,0,Units,Q,Constant prices,2015,,1,"1 year lag, timely",2,Two
DATAFLOW,OECD.ENV.EPI:DSD_GG@DF_GREEN_GROWTH(1.1),Green Growth,I,IDN,Indonesia,A,Annual,GDP_RCAP,Real GDP per capita,USD_PPP_PS,"US dollars per person, PPP converted",_T,Total - all activities,1999,,5491.72,,A,Normal value,,,0,Units,Q,Constant prices,2015,,1,"1 year lag, timely",2,Two
DATAFLOW,OECD.ENV.EPI:DSD_GG@DF_GREEN_GROWTH(1.1),Green Growth,I,IDN,Indonesia,A,Annual,GDP_RCAP,Real GDP per capita,USD_PPP_PS,"US dollars per person, PPP converted",_T,Total - all activities,2014,,9811.31,,A,Normal value,,,0,Units,Q,Constant prices,2015,,1,"1 year lag, timely",2,Two
DATAFLOW,OECD.ENV.EPI:DSD_GG@DF_GREEN_GROWTH(1.1),Green Growth,I,IDN,Indonesia,A,Annual,GDP_RCAP,Real GDP per capita,USD_PPP_PS,"US dollars per person, PPP converted",_T,Total - all activities,2015,,10271.23,,A,Normal value,,,0,Units,Q,Constant prices,2015,,1,"1 year lag, timely",2,Two
DATAFLOW,OECD.ENV.EPI:DSD_GG@DF_GREEN_GROWTH(1.1),Green Growth,I,IDN,Indonesia,A,Annual,GDP_RCAP,Real GDP per capita,USD_PPP_PS,"US dollars per person, PPP converted",_T,Total - all activities,2023,,12958.71,,A,Normal value,,,0,Units,Q,Constant prices,2015,,1,"1 year lag, timely",2,Two
DATAFLOW,OECD.ENV.EPI:DSD_GG@DF_GREEN_GROWTH(1.1),Green Growth,I,IDN,Indonesia,A,Annual,GDP_RCAP,Real GDP per capita,USD_PPP_PS,"US dollars per person, PPP converted",_T,Total - all activities,1990,,9261.22,,A,Normal value,,,0,Units,Q,Constant prices,2015,,1,"1 year lag, timely",2,Two
DATAFLOW,OECD.ENV.EPI:DSD_GG@DF_GREEN_GROWTH(1.1),Green Growth,I,IDN,Indonesia,A,Annual,GDP_RCAP,Real GDP per capita,USD_PPP_PS,"US dollars per person, PPP converted",_T,Total - all activities,1991,,8343.87,,A,Normal value,,,0,Units,Q,Constant prices,2015,,1,"1 year lag, timely",2,Two
DATAFLOW,OECD.ENV.EPI:DSD_GG@DF_GREEN_GROWTH(1.1),Green Growth,I,IDN,Indonesia,A,Annual,GDP_RCAP,Real GDP per capita,USD_PPP_PS,"US dollars per person, PPP converted",_T,Total - all activities,1992,,7635.73,,A,Normal value,,,0,Units,Q,Constant prices,2015,,1,"1 year lag, timely",2,Two
DATAFLOW,OECD.ENV.EPI:DSD_GG@DF_GREEN_GROWTH(1.1),Green Growth,I,IDN,Indonesia,A,Annual,GDP_RCAP,Real GDP per capita,USD_PPP_PS,"US dollars per person, PPP converted",_T,Total - all activities,2000,,5682.96,,A,Normal value,,,0,Units,Q,Constant prices,2015,,1,"1 year lag, timely",2,Two
DATAFLOW,OECD.ENV.EPI:DSD_GG@DF_GREEN_GROWTH(1.1),Green Growth,I,IDN,Indonesia,A,Annual,GDP_RCAP,Real GDP per capita,USD_PPP_PS,"US dollars per person, PPP converted",_T,Total - all activities,2001,,5809.98,,A,Normal value,,,0,Units,Q,Constant prices,2015,,1,"1 year lag, timely",2,Two
DATAFLOW,OECD.ENV.EPI:DSD_GG@DF_GREEN_GROWTH(1.1),Green Growth,I,IDN,Indonesia,A,Annual,GDP_RCAP,Real GDP per capita,USD_PPP_PS,"US dollars per person, PPP converted",_T,Total - all activities,2002,,5989.55,,A,Normal value,,,0,Units,Q,Constant prices,2015,,1,"1 year lag, timely",2,Two
DATAFLOW,OECD.ENV.EPI:DSD_GG@DF_GREEN_GROWTH(1.1),Green Growth,I,IDN,Indonesia,A,Annual,GDP_RCAP,Real GDP per capita,USD_PPP_PS,"US dollars per person, PPP converted",_T,Total - all activities,2003,,6191.79,,A,Normal value,,,0,Units,Q,Constant prices,2015,,1,"1 year lag, timely",2,Two
DATAFLOW,OECD.ENV.EPI:DSD_GG@DF_GREEN_GROWTH(1.1),Green Growth,I,IDN,Indonesia,A,Annual,GDP_RCAP,Real GDP per capita,USD_PPP_PS,"US dollars per person, PPP converted",_T,Total - all activities,2004,,6416.6,,A,Normal value,,,0,Units,Q,Constant prices,2015,,1,"1 year lag, timely",2,Two
DATAFLOW,OECD.ENV.EPI:DSD_GG@DF_GREEN_GROWTH(1.1),Green Growth,I,IDN,Indonesia,A,Annual,GDP_RCAP,Real GDP per capita,USD_PPP_PS,"US dollars per person, PPP converted",_T,Total - all activities,2005,,6691.85,,A,Normal value,,,0,Units,Q,Constant prices,2015,,1,"1 year lag, timely",2,Two
DATAFLOW,OECD.ENV.EPI:DSD_GG@DF_GREEN_GROWTH(1.1),Green Growth,I,IDN,Indonesia,A,Annual,GDP_RCAP,Real GDP per capita,USD_PPP_PS,"US dollars per person, PPP converted",_T,Total - all activities,2006,,6966.72,,A,Normal value,,,0,Units,Q,Constant prices,2015,,1,"1 year lag, timely",2,Two
DATAFLOW,OECD.ENV.EPI:DSD_GG@DF_GREEN_GROWTH(1.1),Green Growth,I,IDN,Indonesia,A,Annual,GDP_RCAP,Real GDP per capita,USD_PPP_PS,"US dollars per person, PPP converted",_T,Total - all activities,2007,,7311.32,,A,Normal value,,,0,Units,Q,Constant prices,2015,,1,"1 year lag, timely",2,Two
DATAFLOW,OECD.ENV.EPI:DSD_GG@DF_GREEN_GROWTH(1.1),Green Growth,I,IDN,Indonesia,A,Annual,GDP_RCAP,Real GDP per capita,USD_PPP_PS,"US dollars per person, PPP converted",_T,Total - all activities,2008,,7649.11,,A,Normal value,,,0,Units,Q,Constant prices,2015,,1,"1 year lag, timely",2,Two
DATAFLOW,OECD.ENV.EPI:DSD_GG@DF_GREEN_GROWTH(1.1),Green Growth,I,IDN,Indonesia,A,Annual,GDP_RCAP,Real GDP per capita,USD_PPP_PS,"US dollars per person, PPP converted",_T,Total - all activities,2009,,7903,,A,Normal value,,,0,Units,Q,Constant prices,2015,,1,"1 year lag, timely",2,Two
DATAFLOW,OECD.ENV.EPI:DSD_GG@DF_GREEN_GROWTH(1.1),Green Growth,I,IDN,Indonesia,A,Annual,GDP_RCAP,Real GDP per capita,USD_PPP_PS,"US dollars per person, PPP converted",_T,Total - all activities,2010,,8295.31,,A,Normal value,,,0,Units,Q,Constant prices,2015,,1,"1 year lag, timely",2,Two
DATAFLOW,OECD.ENV.EPI:DSD_GG@DF_GREEN_GROWTH(1.1),Green Growth,I,IDN,Indonesia,A,Annual,GDP_RCAP,Real GDP per capita,USD_PPP_PS,"US dollars per person, PPP converted",_T,Total - all activities,2011,,8689.2,,A,Normal value,,,0,Units,Q,Constant prices,2015,,1,"1 year lag, timely",2,Two
DATAFLOW,OECD.ENV.EPI:DSD_GG@DF_GREEN_GROWTH(1.1),Green Growth,I,IDN,Indonesia,A,Annual,GDP_RCAP,Real GDP per capita,USD_PPP_PS,"US dollars per person, PPP converted",_T,Total - all activities,2012,,9089.46,,A,Normal value,,,0,Units,Q,Constant prices,2015,,1,"1 year lag, timely",2,Two
DATAFLOW,OECD.ENV.EPI:DSD_GG@DF_GREEN_GROWTH(1.1),Green Growth,I,IDN,Indonesia,A,Annual,GDP_RCAP,Real GDP per capita,USD_PPP_PS,"US dollars per person, PPP converted",_T,Total - all activities,2013,,9466.81,,A,Normal value,,,0,Units,Q,Constant prices,2015,,1,"1 year lag, timely",2,Two
DATAFLOW,OECD.ENV.EPI:DSD_GG@DF_GREEN_GROWTH(1.1),Green Growth,I,IDN,Indonesia,A,Annual,GDP_RCAP,Real GDP per capita,USD_PPP_PS,"US dollars per person, PPP converted",_T,Total - all activities,1993,,6286.98,,A,Normal value,,,0,Units,Q,Constant prices,2015,,1,"1 year lag, timely",2,Two
DATAFLOW,OECD.ENV.EPI:DSD_GG@DF_GREEN_GROWTH(1.1),Green Growth,I,IDN,Indonesia,A,Annual,GDP_RCAP,Real GDP per capita,USD_PPP_PS,"US dollars per person, PPP converted",_T,Total - all activities,1994,,6654.11,,A,Normal value,,,0,Units,Q,Constant prices,2015,,1,"1 year lag, timely",2,Two
DATAFLOW,OECD.ENV.EPI:DSD_GG@DF_GREEN_GROWTH(1.1),Green Growth,I,IDN,Indonesia,A,Annual,GDP_RCAP,Real GDP per capita,USD_PPP_PS,"US dollars per person, PPP converted",_T,Total - all activities,1995,,5885.55,,A,Normal value,,,0,Units,Q,Constant prices,2015,,1,"1 year lag, timely",2,Two
DATAFLOW,OECD.ENV.EPI:DSD_GG@DF_GREEN_GROWTH(1.1),Green Growth,I,IDN,Indonesia,A,Annual,GDP_RCAP,Real GDP per capita,USD_PPP_PS,"US dollars per person, PPP converted",_T,Total - all activities,1996,,6251.5,,A,Normal value,,,0,Units,Q,Constant prices,2015,,1,"1 year lag, timely",2,Two
DATAFLOW,OECD.ENV.EPI:DSD_GG@DF_GREEN_GROWTH(1.1),Green Growth,I,IDN,Indonesia,A,Annual,GDP_RCAP,Real GDP per capita,USD_PPP_PS,"US dollars per person, PPP converted",_T,Total - all activities,1997,,6450.92,,A,Normal value,,,0,Units,Q,Constant prices,2015,,1,"1 year lag, timely",2,Two
DATAFLOW,OECD.ENV.EPI:DSD_GG@DF_GREEN_GROWTH(1.1),Green Growth,I,IDN,Indonesia,A,Annual,GDP_RCAP,Real GDP per capita,USD_PPP_PS,"US dollars per person, PPP converted",_T,Total - all activities,1998,,5525.17,,A,Normal value,,,0,Units,Q,Constant prices,2015,,1,"1 year lag, timely",2,Two
DATAFLOW,OECD.ENV.EPI:DSD_GG@DF_GREEN_GROWTH(1.1),Green Growth,I,IDN,Indonesia,A,Annual,GDP_RCAP,Real GDP per capita,USD_PPP_PS,"US dollars per person, PPP converted",_T,Total - all activities,2016,,10666.8,,A,Normal value,,,0,Units,Q,Constant prices,2015,,1,"1 year lag, timely",2,Two
DATAFLOW,OECD.ENV.EPI:DSD_GG@DF_GREEN_GROWTH(1.1),Green Growth,I,IDN,Indonesia,A,Annual,GDP_RCAP,Real GDP per capita,USD_PPP_PS,"US dollars per person, PPP converted",_T,Total - all activities,2017,,11084.98,,A,Normal value,,,0,Units,Q,Constant prices,2015,,1,"1 year lag, timely",2,Two
DATAFLOW,OECD.ENV.EPI:DSD_GG@DF_GREEN_GROWTH(1.1),Green Growth,I,IDN,Indonesia,A,Annual,GDP_RCAP,Real GDP per capita,USD_PPP_PS,"US dollars per person, PPP converted",_T,Total - all activities,2018,,11534.71,,A,Normal value,,,0,Units,Q,Constant prices,2015,,1,"1 year lag, timely",2,Two
DATAFLOW,OECD.ENV.EPI:DSD_GG@DF_GREEN_GROWTH(1.1),Green Growth,I,IDN,Indonesia,A,Annual,GDP_RCAP,Real GDP per capita,USD_PPP_PS,"US dollars per person, PPP converted",_T,Total - all activities,2019,,11988.84,,A,Normal value,,,0,Units,Q,Constant prices,2015,,1,"1 year lag, timely",2,Two
DATAFLOW,OECD.ENV.EPI:DSD_GG@DF_GREEN_GROWTH(1.1),Green Growth,I,IDN,Indonesia,A,Annual,GDP_RCAP,Real GDP per capita,USD_PPP_PS,"US dollars per person, PPP converted",_T,Total - all activities,2020,,11624,,A,Normal value,,,0,Units,Q,Constant prices,2015,,1,"1 year lag, timely",2,Two
DATAFLOW,OECD.ENV.EPI:DSD_GG@DF_GREEN_GROWTH(1.1),Green Growth,I,IDN,Indonesia,A,Annual,NRGS,Total energy supply,TOE,Tonnes of oil equivalent,_T,Total - all activities,1998,,119.09,,A,Normal value,,,6,Millions,_Z,Not applicable,,,1,"1 year lag, timely",2,Two
DATAFLOW,OECD.ENV.EPI:DSD_GG@DF_GREEN_GROWTH(1.1),Green Growth,I,IDN,Indonesia,A,Annual,NRGS,Total energy supply,TOE,Tonnes of oil equivalent,_T,Total - all activities,2022,,260.92,,A,Normal value,,,6,Millions,_Z,Not applicable,,,1,"1 year lag, timely",2,Two
DATAFLOW,OECD.ENV.EPI:DSD_GG@DF_GREEN_GROWTH(1.1),Green Growth,I,IDN,Indonesia,A,Annual,CO2_PBEMCAP,"Production-based CO2 intensity, energy-related CO2 per capita",T_CO2E_PS,Tonnes of CO2-equivalent per person,_T,Total - all activities,2012,,1.82,,A,Normal value,,,0,Units,_Z,Not applicable,,,2,2 years lag,2,Two
DATAFLOW,OECD.ENV.EPI:DSD_GG@DF_GREEN_GROWTH(1.1),Green Growth,I,IDN,Indonesia,A,Annual,CO2_PBEMCAP,"Production-based CO2 intensity, energy-related CO2 per capita",T_CO2E_PS,Tonnes of CO2-equivalent per person,_T,Total - all activities,2003,,1.4,,A,Normal value,,,0,Units,_Z,Not applicable,,,2,2 years lag,2,Two
DATAFLOW,OECD.ENV.EPI:DSD_GG@DF_GREEN_GROWTH(1.1),Green Growth,I,IDN,Indonesia,A,Annual,CO2_PBEMCAP,"Production-based CO2 intensity, energy-related CO2 per capita",T_CO2E_PS,Tonnes of CO2-equivalent per person,_T,Total - all activities,2004,,1.41,,A,Normal value,,,0,Units,_Z,Not applicable,,,2,2 years lag,2,Two
DATAFLOW,OECD.ENV.EPI:DSD_GG@DF_GREEN_GROWTH(1.1),Green Growth,I,IDN,Indonesia,A,Annual,CO2_PBEMCAP,"Production-based CO2 intensity, energy-related CO2 per capita",T_CO2E_PS,Tonnes of CO2-equivalent per person,_T,Total - all activities,2005,,1.4,,A,Normal value,,,0,Units,_Z,Not applicable,,,2,2 years lag,2,Two
DATAFLOW,OECD.ENV.EPI:DSD_GG@DF_GREEN_GROWTH(1.1),Green Growth,I,IDN,Indonesia,A,Annual,CO2_PBEMCAP,"Production-based CO2 intensity, energy-related CO2 per capita",T_CO2E_PS,Tonnes of CO2-equivalent per person,_T,Total - all activities,2006,,1.48,,A,Normal value,,,0,Units,_Z,Not applicable,,,2,2 years lag,2,Two
DATAFLOW,OECD.ENV.EPI:DSD_GG@DF_GREEN_GROWTH(1.1),Green Growth,I,IDN,Indonesia,A,Annual,CO2_PBEMCAP,"Production-based CO2 intensity, energy-related CO2 per capita",T_CO2E_PS,Tonnes of CO2-equivalent per person,_T,Total - all activities,2007,,1.53,,A,Normal value,,,0,Units,_Z,Not applicable,,,2,2 years lag,2,Two
DATAFLOW,OECD.ENV.EPI:DSD_GG@DF_GREEN_GROWTH(1.1),Green Growth,I,IDN,Indonesia,A,Annual,CO2_PBEMCAP,"Production-based CO2 intensity, energy-related CO2 per capita",T_CO2E_PS,Tonnes of CO2-equivalent per person,_T,Total - all activities,2009,,1.53,,A,Normal value,,,0,Units,_Z,Not applicable,,,2,2 years lag,2,Two
DATAFLOW,OECD.ENV.EPI:DSD_GG@DF_GREEN_GROWTH(1.1),Green Growth,I,IDN,Indonesia,A,Annual,CO2_PBEMCAP,"Production-based CO2 intensity, energy-related CO2 per capita",T_CO2E_PS,Tonnes of CO2-equivalent per person,_T,Total - all activities,2013,,1.68,,A,Normal value,,,0,Units,_Z,Not applicable,,,2,2 years lag,2,Two
DATAFLOW,OECD.ENV.EPI:DSD_GG@DF_GREEN_GROWTH(1.1),Green Growth,I,IDN,Indonesia,A,Annual,CO2_PBEMCAP,"Production-based CO2 intensity, energy-related CO2 per capita",T_CO2E_PS,Tonnes of CO2-equivalent per person,_T,Total - all activities,2014,,1.78,,A,Normal value,,,0,Units,_Z,Not applicable,,,2,2 years lag,2,Two
DATAFLOW,OECD.ENV.EPI:DSD_GG@DF_GREEN_GROWTH(1.1),Green Growth,I,IDN,Indonesia,A,Annual,CO2_PBEMCAP,"Production-based CO2 intensity, energy-related CO2 per capita",T_CO2E_PS,Tonnes of CO2-equivalent per person,_T,Total - all activities,2015,,1.79,,A,Normal value,,,0,Units,_Z,Not applicable,,,2,2 years lag,2,Two
DATAFLOW,OECD.ENV.EPI:DSD_GG@DF_GREEN_GROWTH(1.1),Green Growth,I,IDN,Indonesia,A,Annual,CO2_PBEMCAP,"Production-based CO2 intensity, energy-related CO2 per capita",T_CO2E_PS,Tonnes of CO2-equivalent per person,_T,Total - all activities,2016,,1.74,,A,Normal value,,,0,Units,_Z,Not applicable,,,2,2 years lag,2,Two
DATAFLOW,OECD.ENV.EPI:DSD_GG@DF_GREEN_GROWTH(1.1),Green Growth,I,IDN,Indonesia,A,Annual,CO2_PBEMCAP,"Production-based CO2 intensity, energy-related CO2 per capita",T_CO2E_PS,Tonnes of CO2-equivalent per person,_T,Total - all activities,2017,,1.82,,A,Normal value,,,0,Units,_Z,Not applicable,,,2,2 years lag,2,Two
DATAFLOW,OECD.ENV.EPI:DSD_GG@DF_GREEN_GROWTH(1.1),Green Growth,I,IDN,Indonesia,A,Annual,CO2_PBEMCAP,"Production-based CO2 intensity, energy-related CO2 per capita",T_CO2E_PS,Tonnes of CO2-equivalent per person,_T,Total - all activities,2018,,2.02,,A,Normal value,,,0,Units,_Z,Not applicable,,,2,2 years lag,2,Two
DATAFLOW,OECD.ENV.EPI:DSD_GG@DF_GREEN_GROWTH(1.1),Green Growth,I,IDN,Indonesia,A,Annual,CO2_PBEMCAP,"Production-based CO2 intensity, energy-related CO2 per capita",T_CO2E_PS,Tonnes of CO2-equivalent per person,_T,Total - all activities,2019,,2.14,,A,Normal value,,,0,Units,_Z,Not applicable,,,2,2 years lag,2,Two
DATAFLOW,OECD.ENV.EPI:DSD_GG@DF_GREEN_GROWTH(1.1),Green Growth,I,IDN,Indonesia,A,Annual,CO2_PBEMCAP,"Production-based CO2 intensity, energy-related CO2 per capita",T_CO2E_PS,Tonnes of CO2-equivalent per person,_T,Total - all activities,2020,,1.98,,A,Normal value,,,0,Units,_Z,Not applicable,,,2,2 years lag,2,Two
DATAFLOW,OECD.ENV.EPI:DSD_GG@DF_GREEN_GROWTH(1.1),Green Growth,I,IDN,Indonesia,A,Annual,CO2_PBEMCAP,"Production-based CO2 intensity, energy-related CO2 per capita",T_CO2E_PS,Tonnes of CO2-equivalent per person,_T,Total - all activities,2021,,2.04,,A,Normal value,,,0,Units,_Z,Not applicable,,,2,2 years lag,2,Two
DATAFLOW,OECD.ENV.EPI:DSD_GG@DF_GREEN_GROWTH(1.1),Green Growth,I,IDN,Indonesia,A,Annual,CO2_PBEMCAP,"Production-based CO2 intensity, energy-related CO2 per capita",T_CO2E_PS,Tonnes of CO2-equivalent per person,_T,Total - all activities,1995,,1.02,,A,Normal value,,,0,Units,_Z,Not applicable,,,2,2 years lag,2,Two
DATAFLOW,OECD.ENV.EPI:DSD_GG@DF_GREEN_GROWTH(1.1),Green Growth,I,IDN,Indonesia,A,Annual,CO2_PBEMCAP,"Production-based CO2 intensity, energy-related CO2 per capita",T_CO2E_PS,Tonnes of CO2-equivalent per person,_T,Total - all activities,1996,,1.05,,A,Normal value,,,0,Units,_Z,Not applicable,,,2,2 years lag,2,Two
DATAFLOW,OECD.ENV.EPI:DSD_GG@DF_GREEN_GROWTH(1.1),Green Growth,I,IDN,Indonesia,A,Annual,CO2_PBEMCAP,"Production-based CO2 intensity, energy-related CO2 per capita",T_CO2E_PS,Tonnes of CO2-equivalent per person,_T,Total - all activities,1997,,1.15,,A,Normal value,,,0,Units,_Z,Not applicable,,,2,2 years lag,2,Two
DATAFLOW,OECD.ENV.EPI:DSD_GG@DF_GREEN_GROWTH(1.1),Green Growth,I,IDN,Indonesia,A,Annual,CO2_PBEMCAP,"Production-based CO2 intensity, energy-related CO2 per capita",T_CO2E_PS,Tonnes of CO2-equivalent per person,_T,Total - all activities,1998,,1.16,,A,Normal value,,,0,Units,_Z,Not applicable,,,2,2 years lag,2,Two
DATAFLOW,OECD.ENV.EPI:DSD_GG@DF_GREEN_GROWTH(1.1),Green Growth,I,IDN,Indonesia,A,Annual,POPDEN,Population density,HB_KM2,Inhabitants per square kilometre,_T,Total - all activities,2001,,114.66,,A,Normal value,,,0,Units,_Z,Not applicable,,,1,"1 year lag, timely",2,Two
DATAFLOW,OECD.ENV.EPI:DSD_GG@DF_GREEN_GROWTH(1.1),Green Growth,I,IDN,Indonesia,A,Annual,POPDEN,Population density,HB_KM2,Inhabitants per square kilometre,_T,Total - all activities,2002,,116.22,,A,Normal value,,,0,Units,_Z,Not applicable,,,1,"1 year lag, timely",2,Two
DATAFLOW,OECD.ENV.EPI:DSD_GG@DF_GREEN_GROWTH(1.1),Green Growth,I,IDN,Indonesia,A,Annual,POPDEN,Population density,HB_KM2,Inhabitants per square kilometre,_T,Total - all activities,2003,,117.77,,A,Normal value,,,0,Units,_Z,Not applicable,,,1,"1 year lag, timely",2,Two
DATAFLOW,OECD.ENV.EPI:DSD_GG@DF_GREEN_GROWTH(1.1),Green Growth,I,IDN,Indonesia,A,Annual,POPDEN,Population density,HB_KM2,Inhabitants per square kilometre,_T,Total - all activities,2004,,119.28,,A,Normal value,,,0,Units,_Z,Not applicable,,,1,"1 year lag, timely",2,Two
DATAFLOW,OECD.ENV.EPI:DSD_GG@DF_GREEN_GROWTH(1.1),Green Growth,I,IDN,Indonesia,A,Annual,POPDEN,Population density,HB_KM2,Inhabitants per square kilometre,_T,Total - all activities,2005,,120.82,,A,Normal value,,,0,Units,_Z,Not applicable,,,1,"1 year lag, timely",2,Two
DATAFLOW,OECD.ENV.EPI:DSD_GG@DF_GREEN_GROWTH(1.1),Green Growth,I,IDN,Indonesia,A,Annual,POPDEN,Population density,HB_KM2,Inhabitants per square kilometre,_T,Total - all activities,2006,,122.43,,A,Normal value,,,0,Units,_Z,Not applicable,,,1,"1 year lag, timely",2,Two
DATAFLOW,OECD.ENV.EPI:DSD_GG@DF_GREEN_GROWTH(1.1),Green Growth,I,IDN,Indonesia,A,Annual,POPDEN,Population density,HB_KM2,Inhabitants per square kilometre,_T,Total - all activities,2007,,124.06,,A,Normal value,,,0,Units,_Z,Not applicable,,,1,"1 year lag, timely",2,Two
DATAFLOW,OECD.ENV.EPI:DSD_GG@DF_GREEN_GROWTH(1.1),Green Growth,I,IDN,Indonesia,A,Annual,POPDEN,Population density,HB_KM2,Inhabitants per square kilometre,_T,Total - all activities,2008,,125.68,,A,Normal value,,,0,Units,_Z,Not applicable,,,1,"1 year lag, timely",2,Two
DATAFLOW,OECD.ENV.EPI:DSD_GG@DF_GREEN_GROWTH(1.1),Green Growth,I,IDN,Indonesia,A,Annual,POPDEN,Population density,HB_KM2,Inhabitants per square kilometre,_T,Total - all activities,2009,,127.28,,A,Normal value,,,0,Units,_Z,Not applicable,,,1,"1 year lag, timely",2,Two
DATAFLOW,OECD.ENV.EPI:DSD_GG@DF_GREEN_GROWTH(1.1),Green Growth,I,IDN,Indonesia,A,Annual,POPDEN,Population density,HB_KM2,Inhabitants per square kilometre,_T,Total - all activities,2010,,128.89,,A,Normal value,,,0,Units,_Z,Not applicable,,,1,"1 year lag, timely",2,Two
DATAFLOW,OECD.ENV.EPI:DSD_GG@DF_GREEN_GROWTH(1.1),Green Growth,I,IDN,Indonesia,A,Annual,POPDEN,Population density,HB_KM2,Inhabitants per square kilometre,_T,Total - all activities,2011,,130.55,,A,Normal value,,,0,Units,_Z,Not applicable,,,1,"1 year lag, timely",2,Two
DATAFLOW,OECD.ENV.EPI:DSD_GG@DF_GREEN_GROWTH(1.1),Green Growth,I,IDN,Indonesia,A,Annual,POPDEN,Population density,HB_KM2,Inhabitants per square kilometre,_T,Total - all activities,2012,,132.24,,A,Normal value,,,0,Units,_Z,Not applicable,,,1,"1 year lag, timely",2,Two
DATAFLOW,OECD.ENV.EPI:DSD_GG@DF_GREEN_GROWTH(1.1),Green Growth,I,IDN,Indonesia,A,Annual,POPDEN,Population density,HB_KM2,Inhabitants per square kilometre,_T,Total - all activities,2013,,133.89,,A,Normal value,,,0,Units,_Z,Not applicable,,,1,"1 year lag, timely",2,Two
DATAFLOW,OECD.ENV.EPI:DSD_GG@DF_GREEN_GROWTH(1.1),Green Growth,I,IDN,Indonesia,A,Annual,POPDEN,Population density,HB_KM2,Inhabitants per square kilometre,_T,Total - all activities,2014,,135.47,,A,Normal value,,,0,Units,_Z,Not applicable,,,1,"1 year lag, timely",2,Two
DATAFLOW,OECD.ENV.EPI:DSD_GG@DF_GREEN_GROWTH(1.1),Green Growth,I,IDN,Indonesia,A,Annual,POPDEN,Population density,HB_KM2,Inhabitants per square kilometre,_T,Total - all activities,2015,,137,,A,Normal value,,,0,Units,_Z,Not applicable,,,1,"1 year lag, timely",2,Two
DATAFLOW,OECD.ENV.EPI:DSD_GG@DF_GREEN_GROWTH(1.1),Green Growth,I,IDN,Indonesia,A,Annual,POPDEN,Population density,HB_KM2,Inhabitants per square kilometre,_T,Total - all activities,2020,,143.81,,A,Normal value,,,0,Units,_Z,Not applicable,,,1,"1 year lag, timely",2,Two
DATAFLOW,OECD.ENV.EPI:DSD_GG@DF_GREEN_GROWTH(1.1),Green Growth,I,IDN,Indonesia,A,Annual,POPDEN,Population density,HB_KM2,Inhabitants per square kilometre,_T,Total - all activities,1998,,109.8,,A,Normal value,,,0,Units,_Z,Not applicable,,,1,"1 year lag, timely",2,Two
DATAFLOW,OECD.ENV.EPI:DSD_GG@DF_GREEN_GROWTH(1.1),Green Growth,I,IDN,Indonesia,A,Annual,POPDEN,Population density,HB_KM2,Inhabitants per square kilometre,_T,Total - all activities,1999,,111.47,,A,Normal value,,,0,Units,_Z,Not applicable,,,1,"1 year lag, timely",2,Two
DATAFLOW,OECD.ENV.EPI:DSD_GG@DF_GREEN_GROWTH(1.1),Green Growth,I,IDN,Indonesia,A,Annual,POPDEN,Population density,HB_KM2,Inhabitants per square kilometre,_T,Total - all activities,2017,,139.9,,A,Normal value,,,0,Units,_Z,Not applicable,,,1,"1 year lag, timely",2,Two
DATAFLOW,OECD.ENV.EPI:DSD_GG@DF_GREEN_GROWTH(1.1),Green Growth,I,IDN,Indonesia,A,Annual,POPDEN,Population density,HB_KM2,Inhabitants per square kilometre,_T,Total - all activities,2018,,141.27,,A,Normal value,,,0,Units,_Z,Not applicable,,,1,"1 year lag, timely",2,Two
DATAFLOW,OECD.ENV.EPI:DSD_GG@DF_GREEN_GROWTH(1.1),Green Growth,I,IDN,Indonesia,A,Annual,POPDEN,Population density,HB_KM2,Inhabitants per square kilometre,_T,Total - all activities,2016,,138.48,,A,Normal value,,,0,Units,_Z,Not applicable,,,1,"1 year lag, timely",2,Two
DATAFLOW,OECD.ENV.EPI:DSD_GG@DF_GREEN_GROWTH(1.1),Green Growth,I,IDN,Indonesia,A,Annual,POPDEN,Population density,HB_KM2,Inhabitants per square kilometre,_T,Total - all activities,1990,,96.03,,A,Normal value,,,0,Units,_Z,Not applicable,,,1,"1 year lag, timely",2,Two
DATAFLOW,OECD.ENV.EPI:DSD_GG@DF_GREEN_GROWTH(1.1),Green Growth,I,IDN,Indonesia,A,Annual,POPDEN,Population density,HB_KM2,Inhabitants per square kilometre,_T,Total - all activities,2021,,144.83,,A,Normal value,,,0,Units,_Z,Not applicable,,,1,"1 year lag, timely",2,Two
DATAFLOW,OECD.ENV.EPI:DSD_GG@DF_GREEN_GROWTH(1.1),Green Growth,I,IDN,Indonesia,A,Annual,CO2_PBEMCAP,"Production-based CO2 intensity, energy-related CO2 per capita",T_CO2E_PS,Tonnes of CO2-equivalent per person,_T,Total - all activities,2011,,1.84,,A,Normal value,,,0,Units,_Z,Not applicable,,,2,2 years lag,2,Two
DATAFLOW,OECD.ENV.EPI:DSD_GG@DF_GREEN_GROWTH(1.1),Green Growth,I,IDN,Indonesia,A,Annual,POPDEN,Population density,HB_KM2,Inhabitants per square kilometre,_T,Total - all activities,2022,,145.91,,A,Normal value,,,0,Units,_Z,Not applicable,,,1,"1 year lag, timely",2,Two
DATAFLOW,OECD.ENV.EPI:DSD_GG@DF_GREEN_GROWTH(1.1),Green Growth,I,IDN,Indonesia,A,Annual,CO2_PBEMCAP,"Production-based CO2 intensity, energy-related CO2 per capita",T_CO2E_PS,Tonnes of CO2-equivalent per person,_T,Total - all activities,1999,,1.23,,A,Normal value,,,0,Units,_Z,Not applicable,,,2,2 years lag,2,Two
DATAFLOW,OECD.ENV.EPI:DSD_GG@DF_GREEN_GROWTH(1.1),Green Growth,I,IDN,Indonesia,A,Annual,CO2_PBEMCAP,"Production-based CO2 intensity, energy-related CO2 per capita",T_CO2E_PS,Tonnes of CO2-equivalent per person,_T,Total - all activities,2000,,1.21,,A,Normal value,,,0,Units,_Z,Not applicable,,,2,2 years lag,2,Two
DATAFLOW,OECD.ENV.EPI:DSD_GG@DF_GREEN_GROWTH(1.1),Green Growth,I,IDN,Indonesia,A,Annual,CO2_PBEMCAP,"Production-based CO2 intensity, energy-related CO2 per capita",T_CO2E_PS,Tonnes of CO2-equivalent per person,_T,Total - all activities,2001,,1.28,,A,Normal value,,,0,Units,_Z,Not applicable,,,2,2 years lag,2,Two
DATAFLOW,OECD.ENV.EPI:DSD_GG@DF_GREEN_GROWTH(1.1),Green Growth,I,IDN,Indonesia,A,Annual,CO2_PBEMCAP,"Production-based CO2 intensity, energy-related CO2 per capita",T_CO2E_PS,Tonnes of CO2-equivalent per person,_T,Total - all activities,2002,,1.29,,A,Normal value,,,0,Units,_Z,Not applicable,,,2,2 years lag,2,Two
DATAFLOW,OECD.ENV.EPI:DSD_GG@DF_GREEN_GROWTH(1.1),Green Growth,I,IDN,Indonesia,A,Annual,CO2_PBEMCAP,"Production-based CO2 intensity, energy-related CO2 per capita",T_CO2E_PS,Tonnes of CO2-equivalent per person,_T,Total - all activities,2010,,1.62,,A,Normal value,,,0,Units,_Z,Not applicable,,,2,2 years lag,2,Two
DATAFLOW,OECD.ENV.EPI:DSD_GG@DF_GREEN_GROWTH(1.1),Green Growth,I,IDN,Indonesia,A,Annual,CO2_PBEMCAP,"Production-based CO2 intensity, energy-related CO2 per capita",T_CO2E_PS,Tonnes of CO2-equivalent per person,_T,Total - all activities,2008,,1.49,,A,Normal value,,,0,Units,_Z,Not applicable,,,2,2 years lag,2,Two
DATAFLOW,OECD.ENV.EPI:DSD_GG@DF_GREEN_GROWTH(1.1),Green Growth,I,IDN,Indonesia,A,Annual,NRGS,Total energy supply,TOE,Tonnes of oil equivalent,_T,Total - all activities,2023,,,,A,Normal value,,,6,Millions,_Z,Not applicable,,,1,"1 year lag, timely",2,Two
DATAFLOW,OECD.ENV.EPI:DSD_GG@DF_GREEN_GROWTH(1.1),Green Growth,I,IDN,Indonesia,A,Annual,NRGS,Total energy supply,TOE,Tonnes of oil equivalent,_T,Total - all activities,2000,,126.58,,A,Normal value,,,6,Millions,_Z,Not applicable,,,1,"1 year lag, timely",2,Two
DATAFLOW,OECD.ENV.EPI:DSD_GG@DF_GREEN_GROWTH(1.1),Green Growth,I,IDN,Indonesia,A,Annual,NRGS,Total energy supply,TOE,Tonnes of oil equivalent,_T,Total - all activities,2001,,129.51,,A,Normal value,,,6,Millions,_Z,Not applicable,,,1,"1 year lag, timely",2,Two
DATAFLOW,OECD.ENV.EPI:DSD_GG@DF_GREEN_GROWTH(1.1),Green Growth,I,IDN,Indonesia,A,Annual,NRGS,Total energy supply,TOE,Tonnes of oil equivalent,_T,Total - all activities,2002,,134.66,,A,Normal value,,,6,Millions,_Z,Not applicable,,,1,"1 year lag, timely",2,Two
DATAFLOW,OECD.ENV.EPI:DSD_GG@DF_GREEN_GROWTH(1.1),Green Growth,I,IDN,Indonesia,A,Annual,NRGS,Total energy supply,TOE,Tonnes of oil equivalent,_T,Total - all activities,2003,,134.42,,A,Normal value,,,6,Millions,_Z,Not applicable,,,1,"1 year lag, timely",2,Two
DATAFLOW,OECD.ENV.EPI:DSD_GG@DF_GREEN_GROWTH(1.1),Green Growth,I,IDN,Indonesia,A,Annual,NRGS,Total energy supply,TOE,Tonnes of oil equivalent,_T,Total - all activities,2004,,144.68,,A,Normal value,,,6,Millions,_Z,Not applicable,,,1,"1 year lag, timely",2,Two
DATAFLOW,OECD.ENV.EPI:DSD_GG@DF_GREEN_GROWTH(1.1),Green Growth,I,IDN,Indonesia,A,Annual,NRGS,Total energy supply,TOE,Tonnes of oil equivalent,_T,Total - all activities,2005,,147.14,,A,Normal value,,,6,Millions,_Z,Not applicable,,,1,"1 year lag, timely",2,Two
DATAFLOW,OECD.ENV.EPI:DSD_GG@DF_GREEN_GROWTH(1.1),Green Growth,I,IDN,Indonesia,A,Annual,NRGS,Total energy supply,TOE,Tonnes of oil equivalent,_T,Total - all activities,2006,,150.58,,A,Normal value,,,6,Millions,_Z,Not applicable,,,1,"1 year lag, timely",2,Two
DATAFLOW,OECD.ENV.EPI:DSD_GG@DF_GREEN_GROWTH(1.1),Green Growth,I,IDN,Indonesia,A,Annual,NRGS,Total energy supply,TOE,Tonnes of oil equivalent,_T,Total - all activities,2007,,149.02,,A,Normal value,,,6,Millions,_Z,Not applicable,,,1,"1 year lag, timely",2,Two
DATAFLOW,OECD.ENV.EPI:DSD_GG@DF_GREEN_GROWTH(1.1),Green Growth,I,IDN,Indonesia,A,Annual,NRGS,Total energy supply,TOE,Tonnes of oil equivalent,_T,Total - all activities,2008,,151.9,,A,Normal value,,,6,Millions,_Z,Not applicable,,,1,"1 year lag, timely",2,Two
DATAFLOW,OECD.ENV.EPI:DSD_GG@DF_GREEN_GROWTH(1.1),Green Growth,I,IDN,Indonesia,A,Annual,NRGS,Total energy supply,TOE,Tonnes of oil equivalent,_T,Total - all activities,2009,,164.15,,A,Normal value,,,6,Millions,_Z,Not applicable,,,1,"1 year lag, timely",2,Two
DATAFLOW,OECD.ENV.EPI:DSD_GG@DF_GREEN_GROWTH(1.1),Green Growth,I,IDN,Indonesia,A,Annual,NRGS,Total energy supply,TOE,Tonnes of oil equivalent,_T,Total - all activities,2010,,172.48,,A,Normal value,,,6,Millions,_Z,Not applicable,,,1,"1 year lag, timely",2,Two
DATAFLOW,OECD.ENV.EPI:DSD_GG@DF_GREEN_GROWTH(1.1),Green Growth,I,IDN,Indonesia,A,Annual,NRGS,Total energy supply,TOE,Tonnes of oil equivalent,_T,Total - all activities,2011,,177.78,,A,Normal value,,,6,Millions,_Z,Not applicable,,,1,"1 year lag, timely",2,Two
DATAFLOW,OECD.ENV.EPI:DSD_GG@DF_GREEN_GROWTH(1.1),Green Growth,I,IDN,Indonesia,A,Annual,NRGS,Total energy supply,TOE,Tonnes of oil equivalent,_T,Total - all activities,2012,,178.05,,A,Normal value,,,6,Millions,_Z,Not applicable,,,1,"1 year lag, timely",2,Two
DATAFLOW,OECD.ENV.EPI:DSD_GG@DF_GREEN_GROWTH(1.1),Green Growth,I,IDN,Indonesia,A,Annual,NRGS,Total energy supply,TOE,Tonnes of oil equivalent,_T,Total - all activities,1999,,125.04,,A,Normal value,,,6,Millions,_Z,Not applicable,,,1,"1 year lag, timely",2,Two
DATAFLOW,OECD.ENV.EPI:DSD_GG@DF_GREEN_GROWTH(1.1),Green Growth,I,IDN,Indonesia,A,Annual,NRGS,Total energy supply,TOE,Tonnes of oil equivalent,_T,Total - all activities,2017,,197.58,,A,Normal value,,,6,Millions,_Z,Not applicable,,,1,"1 year lag, timely",2,Two
DATAFLOW,OECD.ENV.EPI:DSD_GG@DF_GREEN_GROWTH(1.1),Green Growth,I,IDN,Indonesia,A,Annual,NRGS,Total energy supply,TOE,Tonnes of oil equivalent,_T,Total - all activities,2018,,219.59,,A,Normal value,,,6,Millions,_Z,Not applicable,,,1,"1 year lag, timely",2,Two
DATAFLOW,OECD.ENV.EPI:DSD_GG@DF_GREEN_GROWTH(1.1),Green Growth,I,IDN,Indonesia,A,Annual,NRGS,Total energy supply,TOE,Tonnes of oil equivalent,_T,Total - all activities,2019,,231.69,,A,Normal value,,,6,Millions,_Z,Not applicable,,,1,"1 year lag, timely",2,Two
DATAFLOW,OECD.ENV.EPI:DSD_GG@DF_GREEN_GROWTH(1.1),Green Growth,I,IDN,Indonesia,A,Annual,NRGS,Total energy supply,TOE,Tonnes of oil equivalent,_T,Total - all activities,2020,,222.6,,A,Normal value,,,6,Millions,_Z,Not applicable,,,1,"1 year lag, timely",2,Two
DATAFLOW,OECD.ENV.EPI:DSD_GG@DF_GREEN_GROWTH(1.1),Green Growth,I,IDN,Indonesia,A,Annual,NRGS,Total energy supply,TOE,Tonnes of oil equivalent,_T,Total - all activities,2021,,228.22,,A,Normal value,,,6,Millions,_Z,Not applicable,,,1,"1 year lag, timely",2,Two
DATAFLOW,OECD.ENV.EPI:DSD_GG@DF_GREEN_GROWTH(1.1),Green Growth,I,IDN,Indonesia,A,Annual,NRGS,Total energy supply,TOE,Tonnes of oil equivalent,_T,Total - all activities,2013,,173.68,,A,Normal value,,,6,Millions,_Z,Not applicable,,,1,"1 year lag, timely",2,Two
DATAFLOW,OECD.ENV.EPI:DSD_GG@DF_GREEN_GROWTH(1.1),Green Growth,I,IDN,Indonesia,A,Annual,NRGS,Total energy supply,TOE,Tonnes of oil equivalent,_T,Total - all activities,2014,,181.85,,A,Normal value,,,6,Millions,_Z,Not applicable,,,1,"1 year lag, timely",2,Two
DATAFLOW,OECD.ENV.EPI:DSD_GG@DF_GREEN_GROWTH(1.1),Green Growth,I,IDN,Indonesia,A,Annual,NRGS,Total energy supply,TOE,Tonnes of oil equivalent,_T,Total - all activities,2015,,181.26,,A,Normal value,,,6,Millions,_Z,Not applicable,,,1,"1 year lag, timely",2,Two
DATAFLOW,OECD.ENV.EPI:DSD_GG@DF_GREEN_GROWTH(1.1),Green Growth,I,IDN,Indonesia,A,Annual,RE_TPES,Renewable energy supply,TOE,Tonnes of oil equivalent,_T,Total - all activities,1990,,31969079.1,,A,Normal value,,,3,Thousands,_Z,Not applicable,,,1,"1 year lag, timely",2,Two
DATAFLOW,OECD.ENV.EPI:DSD_GG@DF_GREEN_GROWTH(1.1),Green Growth,I,IDN,Indonesia,A,Annual,RE_TPES,Renewable energy supply,TOE,Tonnes of oil equivalent,_T,Total - all activities,1991,,32375890.8,,A,Normal value,,,3,Thousands,_Z,Not applicable,,,1,"1 year lag, timely",2,Two
DATAFLOW,OECD.ENV.EPI:DSD_GG@DF_GREEN_GROWTH(1.1),Green Growth,I,IDN,Indonesia,A,Annual,RE_TPES,Renewable energy supply,TOE,Tonnes of oil equivalent,_T,Total - all activities,1992,,32982803.1,,A,Normal value,,,3,Thousands,_Z,Not applicable,,,1,"1 year lag, timely",2,Two
DATAFLOW,OECD.ENV.EPI:DSD_GG@DF_GREEN_GROWTH(1.1),Green Growth,I,IDN,Indonesia,A,Annual,RE_TPES,Renewable energy supply,TOE,Tonnes of oil equivalent,_T,Total - all activities,1993,,33290947.7,,A,Normal value,,,3,Thousands,_Z,Not applicable,,,1,"1 year lag, timely",2,Two
DATAFLOW,OECD.ENV.EPI:DSD_GG@DF_GREEN_GROWTH(1.1),Green Growth,I,IDN,Indonesia,A,Annual,RE_TPES,Renewable energy supply,TOE,Tonnes of oil equivalent,_T,Total - all activities,1994,,34831255.4,,A,Normal value,,,3,Thousands,_Z,Not applicable,,,1,"1 year lag, timely",2,Two
DATAFLOW,OECD.ENV.EPI:DSD_GG@DF_GREEN_GROWTH(1.1),Green Growth,I,IDN,Indonesia,A,Annual,RE_TPES,Renewable energy supply,TOE,Tonnes of oil equivalent,_T,Total - all activities,1995,,35594353.8,,A,Normal value,,,3,Thousands,_Z,Not applicable,,,1,"1 year lag, timely",2,Two
DATAFLOW,OECD.ENV.EPI:DSD_GG@DF_GREEN_GROWTH(1.1),Green Growth,I,IDN,Indonesia,A,Annual,RE_TPES,Renewable energy supply,TOE,Tonnes of oil equivalent,_T,Total - all activities,1998,,35920703.2,,A,Normal value,,,3,Thousands,_Z,Not applicable,,,1,"1 year lag, timely",2,Two
DATAFLOW,OECD.ENV.EPI:DSD_GG@DF_GREEN_GROWTH(1.1),Green Growth,I,IDN,Indonesia,A,Annual,RE_TPES,Renewable energy supply,TOE,Tonnes of oil equivalent,_T,Total - all activities,1999,,35695920.5,,A,Normal value,,,3,Thousands,_Z,Not applicable,,,1,"1 year lag, timely",2,Two
DATAFLOW,OECD.ENV.EPI:DSD_GG@DF_GREEN_GROWTH(1.1),Green Growth,I,IDN,Indonesia,A,Annual,RE_TPES,Renewable energy supply,TOE,Tonnes of oil equivalent,_T,Total - all activities,2000,,30135567.9,,A,Normal value,,,3,Thousands,_Z,Not applicable,,,1,"1 year lag, timely",2,Two
DATAFLOW,OECD.ENV.EPI:DSD_GG@DF_GREEN_GROWTH(1.1),Green Growth,I,IDN,Indonesia,A,Annual,RE_TPES,Renewable energy supply,TOE,Tonnes of oil equivalent,_T,Total - all activities,1996,,35914564.9,,A,Normal value,,,3,Thousands,_Z,Not applicable,,,1,"1 year lag, timely",2,Two
DATAFLOW,OECD.ENV.EPI:DSD_GG@DF_GREEN_GROWTH(1.1),Green Growth,I,IDN,Indonesia,A,Annual,RE_TPES,Renewable energy supply,TOE,Tonnes of oil equivalent,_T,Total - all activities,1997,,36001886.9,,A,Normal value,,,3,Thousands,_Z,Not applicable,,,1,"1 year lag, timely",2,Two
DATAFLOW,OECD.ENV.EPI:DSD_GG@DF_GREEN_GROWTH(1.1),Green Growth,I,IDN,Indonesia,A,Annual,RE_TPES,Renewable energy supply,TOE,Tonnes of oil equivalent,_T,Total - all activities,2002,,31299718.2,,A,Normal value,,,3,Thousands,_Z,Not applicable,,,1,"1 year lag, timely",2,Two
DATAFLOW,OECD.ENV.EPI:DSD_GG@DF_GREEN_GROWTH(1.1),Green Growth,I,IDN,Indonesia,A,Annual,RE_TPES,Renewable energy supply,TOE,Tonnes of oil equivalent,_T,Total - all activities,2003,,30941884.1,,A,Normal value,,,3,Thousands,_Z,Not applicable,,,1,"1 year lag, timely",2,Two
DATAFLOW,OECD.ENV.EPI:DSD_GG@DF_GREEN_GROWTH(1.1),Green Growth,I,IDN,Indonesia,A,Annual,RE_TPES,Renewable energy supply,TOE,Tonnes of oil equivalent,_T,Total - all activities,2004,,31060815,,A,Normal value,,,3,Thousands,_Z,Not applicable,,,1,"1 year lag, timely",2,Two
DATAFLOW,OECD.ENV.EPI:DSD_GG@DF_GREEN_GROWTH(1.1),Green Growth,I,IDN,Indonesia,A,Annual,RE_TPES,Renewable energy supply,TOE,Tonnes of oil equivalent,_T,Total - all activities,2005,,30558861.2,,A,Normal value,,,3,Thousands,_Z,Not applicable,,,1,"1 year lag, timely",2,Two
DATAFLOW,OECD.ENV.EPI:DSD_GG@DF_GREEN_GROWTH(1.1),Green Growth,I,IDN,Indonesia,A,Annual,RE_TPES,Renewable energy supply,TOE,Tonnes of oil equivalent,_T,Total - all activities,2006,,30928663.7,,A,Normal value,,,3,Thousands,_Z,Not applicable,,,1,"1 year lag, timely",2,Two
DATAFLOW,OECD.ENV.EPI:DSD_GG@DF_GREEN_GROWTH(1.1),Green Growth,I,IDN,Indonesia,A,Annual,RE_TPES,Renewable energy supply,TOE,Tonnes of oil equivalent,_T,Total - all activities,2007,,31024695.6,,A,Normal value,,,3,Thousands,_Z,Not applicable,,,1,"1 year lag, timely",2,Two
DATAFLOW,OECD.ENV.EPI:DSD_GG@DF_GREEN_GROWTH(1.1),Green Growth,I,IDN,Indonesia,A,Annual,RE_TPES,Renewable energy supply,TOE,Tonnes of oil equivalent,_T,Total - all activities,2008,,33037197.9,,A,Normal value,,,3,Thousands,_Z,Not applicable,,,1,"1 year lag, timely",2,Two
DATAFLOW,OECD.ENV.EPI:DSD_GG@DF_GREEN_GROWTH(1.1),Green Growth,I,IDN,Indonesia,A,Annual,RE_TPES,Renewable energy supply,TOE,Tonnes of oil equivalent,_T,Total - all activities,2009,,34082080,,A,Normal value,,,3,Thousands,_Z,Not applicable,,,1,"1 year lag, timely",2,Two
DATAFLOW,OECD.ENV.EPI:DSD_GG@DF_GREEN_GROWTH(1.1),Green Growth,I,IDN,Indonesia,A,Annual,RE_TPES,Renewable energy supply,TOE,Tonnes of oil equivalent,_T,Total - all activities,2010,,34429349,,A,Normal value,,,3,Thousands,_Z,Not applicable,,,1,"1 year lag, timely",2,Two
DATAFLOW,OECD.ENV.EPI:DSD_GG@DF_GREEN_GROWTH(1.1),Green Growth,I,IDN,Indonesia,A,Annual,RE_TPES,Renewable energy supply,TOE,Tonnes of oil equivalent,_T,Total - all activities,2011,,33837000.7,,A,Normal value,,,3,Thousands,_Z,Not applicable,,,1,"1 year lag, timely",2,Two
DATAFLOW,OECD.ENV.EPI:DSD_GG@DF_GREEN_GROWTH(1.1),Green Growth,I,IDN,Indonesia,A,Annual,RE_TPES,Renewable energy supply,TOE,Tonnes of oil equivalent,_T,Total - all activities,2012,,33140457.7,,A,Normal value,,,3,Thousands,_Z,Not applicable,,,1,"1 year lag, timely",2,Two
DATAFLOW,OECD.ENV.EPI:DSD_GG@DF_GREEN_GROWTH(1.1),Green Growth,I,IDN,Indonesia,A,Annual,RE_TPES,Renewable energy supply,TOE,Tonnes of oil equivalent,_T,Total - all activities,2013,,33150963.3,,A,Normal value,,,3,Thousands,_Z,Not applicable,,,1,"1 year lag, timely",2,Two
DATAFLOW,OECD.ENV.EPI:DSD_GG@DF_GREEN_GROWTH(1.1),Green Growth,I,IDN,Indonesia,A,Annual,RE_TPES,Renewable energy supply,TOE,Tonnes of oil equivalent,_T,Total - all activities,2014,,34470614,,A,Normal value,,,3,Thousands,_Z,Not applicable,,,1,"1 year lag, timely",2,Two
DATAFLOW,OECD.ENV.EPI:DSD_GG@DF_GREEN_GROWTH(1.1),Green Growth,I,IDN,Indonesia,A,Annual,RE_TPES,Renewable energy supply,TOE,Tonnes of oil equivalent,_T,Total - all activities,2001,,31597606.8,,A,Normal value,,,3,Thousands,_Z,Not applicable,,,1,"1 year lag, timely",2,Two
DATAFLOW,OECD.ENV.EPI:DSD_GG@DF_GREEN_GROWTH(1.1),Green Growth,I,IDN,Indonesia,A,Annual,RE_TPES,Renewable energy supply,TOE,Tonnes of oil equivalent,_T,Total - all activities,2019,,47011528.8,,A,Normal value,,,3,Thousands,_Z,Not applicable,,,1,"1 year lag, timely",2,Two
DATAFLOW,OECD.ENV.EPI:DSD_GG@DF_GREEN_GROWTH(1.1),Green Growth,I,IDN,Indonesia,A,Annual,RE_TPES,Renewable energy supply,TOE,Tonnes of oil equivalent,_T,Total - all activities,2020,,52428543.9,,A,Normal value,,,3,Thousands,_Z,Not applicable,,,1,"1 year lag, timely",2,Two
DATAFLOW,OECD.ENV.EPI:DSD_GG@DF_GREEN_GROWTH(1.1),Green Growth,I,IDN,Indonesia,A,Annual,RE_TPES,Renewable energy supply,TOE,Tonnes of oil equivalent,_T,Total - all activities,2021,,54817476.4,,A,Normal value,,,3,Thousands,_Z,Not applicable,,,1,"1 year lag, timely",2,Two
DATAFLOW,OECD.ENV.EPI:DSD_GG@DF_GREEN_GROWTH(1.1),Green Growth,I,IDN,Indonesia,A,Annual,RE_TPES,Renewable energy supply,TOE,Tonnes of oil equivalent,_T,Total - all activities,2022,,59460328.1,,A,Normal value,,,3,Thousands,_Z,Not applicable,,,1,"1 year lag, timely",2,Two
DATAFLOW,OECD.ENV.EPI:DSD_GG@DF_GREEN_GROWTH(1.1),Green Growth,I,IDN,Indonesia,A,Annual,RE_TPES,Renewable energy supply,TOE,Tonnes of oil equivalent,_T,Total - all activities,2023,,,,A,Normal value,,,3,Thousands,_Z,Not applicable,,,1,"1 year lag, timely",2,Two
DATAFLOW,OECD.ENV.EPI:DSD_GG@DF_GREEN_GROWTH(1.1),Green Growth,I,IDN,Indonesia,A,Annual,RE_TPES,Renewable energy supply,TOE,Tonnes of oil equivalent,_T,Total - all activities,2015,,32450317.8,,A,Normal value,,,3,Thousands,_Z,Not applicable,,,1,"1 year lag, timely",2,Two
DATAFLOW,OECD.ENV.EPI:DSD_GG@DF_GREEN_GROWTH(1.1),Green Growth,I,IDN,Indonesia,A,Annual,RE_TPES,Renewable energy supply,TOE,Tonnes of oil equivalent,_T,Total - all activities,2016,,34837083.1,,A,Normal value,,,3,Thousands,_Z,Not applicable,,,1,"1 year lag, timely",2,Two
DATAFLOW,OECD.ENV.EPI:DSD_GG@DF_GREEN_GROWTH(1.1),Green Growth,I,IDN,Indonesia,A,Annual,RE_TPES,Renewable energy supply,TOE,Tonnes of oil equivalent,_T,Total - all activities,2017,,37420119.7,,A,Normal value,,,3,Thousands,_Z,Not applicable,,,1,"1 year lag, timely",2,Two
DATAFLOW,OECD.ENV.EPI:DSD_GG@DF_GREEN_GROWTH(1.1),Green Growth,I,IDN,Indonesia,A,Annual,POPDEN,Population density,HB_KM2,Inhabitants per square kilometre,_T,Total - all activities,1991,,97.74,,A,Normal value,,,0,Units,_Z,Not applicable,,,1,"1 year lag, timely",2,Two
DATAFLOW,OECD.ENV.EPI:DSD_GG@DF_GREEN_GROWTH(1.1),Green Growth,I,IDN,Indonesia,A,Annual,POPDEN,Population density,HB_KM2,Inhabitants per square kilometre,_T,Total - all activities,1992,,99.45,,A,Normal value,,,0,Units,_Z,Not applicable,,,1,"1 year lag, timely",2,Two
DATAFLOW,OECD.ENV.EPI:DSD_GG@DF_GREEN_GROWTH(1.1),Green Growth,I,IDN,Indonesia,A,Annual,POPDEN,Population density,HB_KM2,Inhabitants per square kilometre,_T,Total - all activities,1993,,101.16,,A,Normal value,,,0,Units,_Z,Not applicable,,,1,"1 year lag, timely",2,Two
DATAFLOW,OECD.ENV.EPI:DSD_GG@DF_GREEN_GROWTH(1.1),Green Growth,I,IDN,Indonesia,A,Annual,POPDEN,Population density,HB_KM2,Inhabitants per square kilometre,_T,Total - all activities,1994,,102.88,,A,Normal value,,,0,Units,_Z,Not applicable,,,1,"1 year lag, timely",2,Two
DATAFLOW,OECD.ENV.EPI:DSD_GG@DF_GREEN_GROWTH(1.1),Green Growth,I,IDN,Indonesia,A,Annual,POPDEN,Population density,HB_KM2,Inhabitants per square kilometre,_T,Total - all activities,1995,,104.6,,A,Normal value,,,0,Units,_Z,Not applicable,,,1,"1 year lag, timely",2,Two
DATAFLOW,OECD.ENV.EPI:DSD_GG@DF_GREEN_GROWTH(1.1),Green Growth,I,IDN,Indonesia,A,Annual,POPDEN,Population density,HB_KM2,Inhabitants per square kilometre,_T,Total - all activities,1996,,106.34,,A,Normal value,,,0,Units,_Z,Not applicable,,,1,"1 year lag, timely",2,Two
DATAFLOW,OECD.ENV.EPI:DSD_GG@DF_GREEN_GROWTH(1.1),Green Growth,I,IDN,Indonesia,A,Annual,POPDEN,Population density,HB_KM2,Inhabitants per square kilometre,_T,Total - all activities,2019,,142.6,,A,Normal value,,,0,Units,_Z,Not applicable,,,1,"1 year lag, timely",2,Two
DATAFLOW,OECD.ENV.EPI:DSD_GG@DF_GREEN_GROWTH(1.1),Green Growth,I,IDN,Indonesia,A,Annual,POPDEN,Population density,HB_KM2,Inhabitants per square kilometre,_T,Total - all activities,1997,,108.08,,A,Normal value,,,0,Units,_Z,Not applicable,,,1,"1 year lag, timely",2,Two
DATAFLOW,OECD.ENV.EPI:DSD_GG@DF_GREEN_GROWTH(1.1),Green Growth,I,IDN,Indonesia,A,Annual,POPDEN,Population density,HB_KM2,Inhabitants per square kilometre,_T,Total - all activities,2000,,113.08,,A,Normal value,,,0,Units,_Z,Not applicable,,,1,"1 year lag, timely",2,Two
DATAFLOW,OECD.ENV.EPI:DSD_GG@DF_GREEN_GROWTH(1.1),Green Growth,I,IDN,Indonesia,A,Annual,NRGS,Total energy supply,TOE,Tonnes of oil equivalent,_T,Total - all activities,2016,,187.64,,A,Normal value,,,6,Millions,_Z,Not applicable,,,1,"1 year lag, timely",2,Two
DATAFLOW,OECD.ENV.EPI:DSD_GG@DF_GREEN_GROWTH(1.1),Green Growth,I,IDN,Indonesia,A,Annual,RE_TPES,Renewable energy supply,TOE,Tonnes of oil equivalent,_T,Total - all activities,2018,,45489176,,A,Normal value,,,3,Thousands,_Z,Not applicable,,,1,"1 year lag, timely",2,Two
DATAFLOW,OECD.ENV.EPI:DSD_GG@DF_GREEN_GROWTH(1.1),Green Growth,I,IDN,Indonesia,A,Annual,POPDEN,Population density,HB_KM2,Inhabitants per square kilometre,_T,Total - all activities,2023,,147.15,,A,Normal value,,,0,Units,_Z,Not applicable,,,1,"1 year lag, timely",2,Two
DATAFLOW,OECD.ENV.EPI:DSD_GG@DF_GREEN_GROWTH(1.1),Green Growth,I,IDN,Indonesia,A,Annual,NRGS,Total energy supply,TOE,Tonnes of oil equivalent,_T,Total - all activities,1990,,84.68,,A,Normal value,,,6,Millions,_Z,Not applicable,,,1,"1 year lag, timely",2,Two
DATAFLOW,OECD.ENV.EPI:DSD_GG@DF_GREEN_GROWTH(1.1),Green Growth,I,IDN,Indonesia,A,Annual,NRGS,Total energy supply,TOE,Tonnes of oil equivalent,_T,Total - all activities,1991,,89.1,,A,Normal value,,,6,Millions,_Z,Not applicable,,,1,"1 year lag, timely",2,Two
DATAFLOW,OECD.ENV.EPI:DSD_GG@DF_GREEN_GROWTH(1.1),Green Growth,I,IDN,Indonesia,A,Annual,NRGS,Total energy supply,TOE,Tonnes of oil equivalent,_T,Total - all activities,1992,,93.08,,A,Normal value,,,6,Millions,_Z,Not applicable,,,1,"1 year lag, timely",2,Two
DATAFLOW,OECD.ENV.EPI:DSD_GG@DF_GREEN_GROWTH(1.1),Green Growth,I,IDN,Indonesia,A,Annual,NRGS,Total energy supply,TOE,Tonnes of oil equivalent,_T,Total - all activities,1993,,103.29,,A,Normal value,,,6,Millions,_Z,Not applicable,,,1,"1 year lag, timely",2,Two
DATAFLOW,OECD.ENV.EPI:DSD_GG@DF_GREEN_GROWTH(1.1),Green Growth,I,IDN,Indonesia,A,Annual,NRGS,Total energy supply,TOE,Tonnes of oil equivalent,_T,Total - all activities,1994,,103.02,,A,Normal value,,,6,Millions,_Z,Not applicable,,,1,"1 year lag, timely",2,Two
DATAFLOW,OECD.ENV.EPI:DSD_GG@DF_GREEN_GROWTH(1.1),Green Growth,I,IDN,Indonesia,A,Annual,NRGS,Total energy supply,TOE,Tonnes of oil equivalent,_T,Total - all activities,1995,,114.89,,A,Normal value,,,6,Millions,_Z,Not applicable,,,1,"1 year lag, timely",2,Two
DATAFLOW,OECD.ENV.EPI:DSD_GG@DF_GREEN_GROWTH(1.1),Green Growth,I,IDN,Indonesia,A,Annual,NRGS,Total energy supply,TOE,Tonnes of oil equivalent,_T,Total - all activities,1996,,119.33,,A,Normal value,,,6,Millions,_Z,Not applicable,,,1,"1 year lag, timely",2,Two
DATAFLOW,OECD.ENV.EPI:DSD_GG@DF_GREEN_GROWTH(1.1),Green Growth,I,IDN,Indonesia,A,Annual,GDP_RCAP,Real GDP per capita,USD_PPP_PS,"US dollars per person, PPP converted",_T,Total - all activities,2021,,11937.3,,A,Normal value,,,0,Units,Q,Constant prices,2015,,1,"1 year lag, timely",2,Two
DATAFLOW,OECD.ENV.EPI:DSD_GG@DF_GREEN_GROWTH(1.1),Green Growth,I,IDN,Indonesia,A,Annual,NRGS,Total energy supply,TOE,Tonnes of oil equivalent,_T,Total - all activities,1997,,122.97,,A,Normal value,,,6,Millions,_Z,Not applicable,,,1,"1 year lag, timely",2,Two
